dataset,model,n_questions,mean_consistency,std_consistency,fully_consistent,fully_consistent_pct,overall_accuracy,unknown_rate,acc_original,acc_formal,acc_simplified,acc_roleplay,acc_direct
medqa,phi3_mini,200,0.698,0.208,39,19.5,48.0,10.5,44.5,44.5,42.5,26.5,48.0
medmcqa,phi3_mini,200,0.73,0.209,54,27.0,53.0,4.6,52.0,49.5,48.5,37.5,52.0
pubmedqa,phi3_mini,200,0.83,0.166,82,41.0,48.0,0.0,42.5,53.5,52.5,47.5,31.0
medqa,llama3.2,200,0.776,0.196,70,35.0,49.0,0.8,47.5,44.5,46.0,47.0,43.5
medmcqa,llama3.2,200,0.774,0.212,77,38.5,55.5,1.5,56.5,50.5,51.5,48.0,53.0
pubmedqa,llama3.2,200,0.807,0.208,91,45.5,65.0,2.8,59.5,51.0,64.5,65.0,56.5
medqa,gemma2,200,0.888,0.166,127,63.5,40.0,2.1,39.0,39.0,37.0,35.0,35.0
medmcqa,gemma2,200,0.851,0.198,113,56.5,43.5,0.9,42.5,39.0,38.0,40.5,44.0
pubmedqa,gemma2,200,0.845,0.173,101,50.5,33.0,1.3,28.0,41.5,47.5,27.0,30.5
